Labels,F1-score
514-N2-UP-LH-R1,0.47470817120622566
453-N2-UP-LH-R1,0.5373831775700935
571-N2-UP-LH-R1,0.5714285714285714
570-N2-UP-LH-R1,0.641025641025641
515-N2-UP-LH-R1,0.6748971193415638
